{
  "card":[
    {
      "id":501,
      "cardname": "CSK",
      "type": "Sports",
      "bgColor": "#FFFF00"
    }, 
    {
      "id":506,
      "cardname": "ActivePlus",
      "type": "Sports",
      "bgColor": "#CF9FFF"
    },
    {
      "id":502,
      "cardname": "Lifestyle Gold",
      "type": "Lifestyle",
      "bgColor": "#ff705d"
    },
    {
      "id":508,
      "cardname": "Luxelife",
      "type": "Lifestyle",
      "bgColor": "#DA70D6"
    },
    {
      "id":503,
      "cardname": "Entertainment Plus",
      "type": "Entertainment",
      "bgColor": "#5dff70"
    },
    {
      "id":509,
      "cardname": "Cinephile",
      "type": "Entertainment",
      "bgColor": "#FF9933"
    },
    {
      "id":504,
      "cardname": "ShopEasy",
      "type": "Shopping",
      "bgColor": "#705dff"
    },
    {
      "id":510,
      "cardname": "Shopaholic",
      "type": "Shopping",
      "bgColor": "#FFB6C1"
    },
    {
      "id":505,
      "cardname": "MakeMyTrip",
      "type": "Travel",
      "bgColor": "#EC5800"
    },
 
    {
      "id":507,
      "cardname": "TravelMaster",
      "type": "Travel",
      "bgColor": "#70ff5d"
    }
  ]
}
  