{
  "loans": [
    {
      "id": 101,
      "loanName": "Personal Loan",
      "totalInterestRate": "10%",
      "loanType": "From Adventures to Achievements, Our Personal Loans Fuel Your Ambitions.",
      "imageUrl": "/Resources/loan/personal_loan.jpg"
    },
    {
      "id": 102,
      "loanName": "Education Loan",
      "totalInterestRate": "9%",
      "loanType": "From Books to Bright Futures – Our Education Loans Support Your Scholarly Pursuits",
      "imageUrl": "/Resources/loan/education_loan.jpg"
    },
    {
      "id": 103,
      "loanName": "Home Loan",
      "totalInterestRate": "10%",
      "loanType": "Your Home, Your Legacy – Let Us Be Your Partner in Homeownership",
      "imageUrl": "/Resources/loan/home_loan.jpg"
    },
    {
      "id": 104,
      "loanName": "Vehicle Loan",
      "totalInterestRate": "6%",
      "loanType": "Affordable Wheels, Endless Adventures – Drive Your Dreams with Our Auto Loans.",
      "imageUrl": "/Resources/loan/vehicle_loan.jpg"
    }
  ],

  "cards": [
    {
      "id": 1,
      "body": "some comment",
      "postId": 1
    }
  ],

  "preApprovedLoans": {
    "Good": [
      {
        "id": 201,
        "title": "Personal Loan",
        "imageUrl": "/Resources/loan/personal_loan.jpg",
        "interestRate": "8%",
        "loanAmount": "600000",
        "description": "Lorem ipsum dolor sit amet, consectetur adipiscing elit. Nullam a libero non justo egestas dictum ac ac justo. Praesent vitae euismod dui."
      },
      {
        "id": 202,
        "title": "Home Loan",
        "imageUrl": "/Resources/loan/personal_loan.jpg",
        "image": "homeLoan.jpg",
        "interestRate": "9%",
        "loanAmount": "600000",
        "description": "Lorem ipsum dolor sit amet, consectetur adipiscing elit. Nullam a libero non justo egestas dictum ac ac justo. Praesent vitae euismod dui."
      },
      {
        "id": 203,
        "title": "Vehicle Loan",
        "imageUrl": "/Resources/loan/personal_loan.jpg",
        "image": "vehicleLoan.jpg",
        "interestRate": "8%",
        "loanAmount": "600000",
        "description": "Lorem ipsum dolor sit amet, consectetur adipiscing elit. Nullam a libero non justo egestas dictum ac ac justo. Praesent vitae euismod dui."
      }
    ],
    "Average": [
      {
        "id": 301,
        "title": "Personal Loan",
        "imageUrl": "/Resources/loan/personal_loan.jpg",
        "interestRate": "9%",
        "loanAmount": "400000",
        "description": "Lorem ipsum dolor sit amet, consectetur adipiscing elit. Nullam a libero non justo egestas dictum ac ac justo. Praesent vitae euismod dui."
      },
      {
        "id": 302,
        "title": "Home Loan",

        "imageUrl": "/Resources/loan/personal_loan.jpg",
        "interestRate": "10%",
        "loanAmount": "400000",
        "description": "Lorem ipsum dolor sit amet, consectetur adipiscing elit. Nullam a libero non justo egestas dictum ac ac justo. Praesent vitae euismod dui."
      },
      {
        "id": 303,
        "title": "Vehicle Loan",
        "imageUrl": "/Resources/loan/personal_loan.jpg",
        "interestRate": "9%",
        "loanAmount": "400000",
        "description": "Lorem ipsum dolor sit amet, consectetur adipiscing elit. Nullam a libero non justo egestas dictum ac ac justo. Praesent vitae euismod dui."
      }
    ]
  }
}
